{"cameraMode":{"drawMode":0,"name":"Shaded","section":"Shading Mode"},"sceneLighting":true,"audioPlay":false,"sceneViewState":{"showFog":false,"showMaterialUpdate":false,"showSkybox":false,"showFlares":false,"showImageEffects":false,"showParticleSystems":false},"in2DMode":false,"pivot":{"x":-20.038734436035158,"y":-9.955307960510254,"z":13.467649459838868},"rotation":{"x":-0.15342214703559876,"y":0.6007605195045471,"z":-0.1188495084643364,"w":-0.7755172848701477},"size":22.73089027404785,"orthographic":false}