{"cameraMode":{"drawMode":0,"name":"Shaded","section":"Shading Mode"},"sceneLighting":true,"audioPlay":false,"sceneViewState":{"showFog":false,"showMaterialUpdate":false,"showSkybox":false,"showFlares":false,"showImageEffects":false,"showParticleSystems":false},"in2DMode":false,"pivot":{"x":-2.2540295124053957,"y":-0.47734713554382326,"z":-0.0627373456954956},"rotation":{"x":0.24632804095745088,"y":-0.4468575716018677,"z":0.12946435809135438,"w":0.850225031375885},"size":1.8123266696929932,"orthographic":false}