{"cameraMode":{"drawMode":0,"name":"Shaded","section":"Shading Mode"},"sceneLighting":true,"audioPlay":false,"sceneViewState":{"showFog":false,"showMaterialUpdate":false,"showSkybox":false,"showFlares":false,"showImageEffects":false,"showParticleSystems":false},"in2DMode":false,"pivot":{"x":106.00892639160156,"y":18.495128631591798,"z":17.53440284729004},"rotation":{"x":0.09598690271377564,"y":-0.5651992559432983,"z":0.06643178313970566,"w":0.8166545033454895},"size":10.204522132873536,"orthographic":false}