{"cameraMode":{"drawMode":0,"name":"Shaded","section":"Shading Mode"},"sceneLighting":false,"audioPlay":false,"sceneViewState":{"showFog":false,"showMaterialUpdate":false,"showSkybox":false,"showFlares":false,"showImageEffects":false,"showParticleSystems":false},"in2DMode":false,"pivot":{"x":11.665132522583008,"y":1.1155569553375245,"z":3.2242298126220705},"rotation":{"x":-0.060070037841796878,"y":0.6956790685653687,"z":-0.05857484042644501,"w":-0.7134372591972351},"size":0.1753706932067871,"orthographic":false}