{"cameraMode":{"drawMode":0,"name":"Shaded","section":"Shading Mode"},"sceneLighting":false,"audioPlay":false,"sceneViewState":{"showFog":false,"showMaterialUpdate":false,"showSkybox":false,"showFlares":false,"showImageEffects":false,"showParticleSystems":false},"in2DMode":false,"pivot":{"x":10.178994178771973,"y":0.9503647089004517,"z":4.058494567871094},"rotation":{"x":-0.01693110354244709,"y":0.9559601545333862,"z":-0.05628469958901405,"w":-0.28756242990493777},"size":1.4958240985870362,"orthographic":false}